code,coding_system,description,entity,list_name,upload_date
1.00445E+16,CPRD_product_code,Insulin degludec 100units/ml / Liraglutide 3.6mg/ml solution for injection 3ml pre-filled disposable,drug,857 - res166: Insulin (CPRD Aurum),2020-11-02
1.00446E+16,CPRD_product_code,Xultophy 100units/ml / 3.6mg/ml solution for injection 3ml pre-filled pens (Novo Nordisk Ltd),drug,857 - res166: Insulin (CPRD Aurum),2020-11-02
1.02526E+16,CPRD_product_code,Insulin lispro 200units/ml solution for injection 3ml pre-filled disposable devices,drug,857 - res166: Insulin (CPRD Aurum),2020-11-02
1.02527E+16,CPRD_product_code,Humalog KwikPen 200units/ml solution for injection 3ml pre-filled pens (Eli Lilly and Company Ltd),drug,857 - res166: Insulin (CPRD Aurum),2020-11-02
1.04942E+16,CPRD_product_code,Insulin glargine 300units/ml solution for injection 1.5ml pre-filled disposable devices,drug,857 - res166: Insulin (CPRD Aurum),2020-11-02
1.04944E+16,CPRD_product_code,Toujeo 300units/ml solution for injection 1.5ml pre-filled SoloStar pens (Sanofi),drug,857 - res166: Insulin (CPRD Aurum),2020-11-02
1.05294E+15,CPRD_product_code,Human Mixtard 10 Injection,drug,857 - res166: Insulin (CPRD Aurum),2020-11-02
1.05304E+15,CPRD_product_code,Human Mixtard 20 Injection,drug,857 - res166: Insulin (CPRD Aurum),2020-11-02
1.05314E+15,CPRD_product_code,Human Mixtard 40 Injection,drug,857 - res166: Insulin (CPRD Aurum),2020-11-02
1.05324E+15,CPRD_product_code,Human Mixtard 50 Injection,drug,857 - res166: Insulin (CPRD Aurum),2020-11-02
1.05354E+15,CPRD_product_code,Human Mixtard 30 Injection (cartridges) 100 u/ml,drug,857 - res166: Insulin (CPRD Aurum),2020-11-02
1.06006E+16,CPRD_product_code,Abasaglar 100units/ml solution for injection 3ml cartridges (Eli Lilly and Company Ltd),drug,857 - res166: Insulin (CPRD Aurum),2020-11-02
1.06007E+16,CPRD_product_code,Abasaglar KwikPen 100units/ml solution for injection 3ml pre-filled pens (Eli Lilly and Company Ltd),drug,857 - res166: Insulin (CPRD Aurum),2020-11-02
1.06164E+15,CPRD_product_code,Human Mixtard 30 Preloaded pen,drug,857 - res166: Insulin (CPRD Aurum),2020-11-02
1.06174E+15,CPRD_product_code,Human Mixtard 10 Preloaded pen,drug,857 - res166: Insulin (CPRD Aurum),2020-11-02
1.06184E+15,CPRD_product_code,Human Mixtard 20 Preloaded pen,drug,857 - res166: Insulin (CPRD Aurum),2020-11-02
1.06194E+15,CPRD_product_code,Human Mixtard 40 Preloaded pen,drug,857 - res166: Insulin (CPRD Aurum),2020-11-02
1.06204E+15,CPRD_product_code,Human Mixtard 50 Preloaded pen,drug,857 - res166: Insulin (CPRD Aurum),2020-11-02
1.06739E+16,CPRD_product_code,Insulin human 100units/ml solution for injection 10ml vials,drug,857 - res166: Insulin (CPRD Aurum),2020-11-02
1.06741E+16,CPRD_product_code,Insuman Infusat 100units/ml solution for injection 10ml vials (Sanofi),drug,857 - res166: Insulin (CPRD Aurum),2020-11-02
1.06743E+16,CPRD_product_code,Insuman Infusat 100units/ml solution for injection 3.15ml cartridges (Sanofi),drug,857 - res166: Insulin (CPRD Aurum),2020-11-02
1.0674E+16,CPRD_product_code,Insulin human 100units/ml solution for injection 3.15ml cartridges,drug,857 - res166: Insulin (CPRD Aurum),2020-11-02
1.11974E+15,CPRD_product_code,Insulin protamine zinc bovine 100units/ml suspension for injection 10ml vials,drug,857 - res166: Insulin (CPRD Aurum),2020-11-02
1.14933E+16,CPRD_product_code,Actraphane Hm (Ge) Suspension For Injection 100 units/ml; 10 ml vial,drug,857 - res166: Insulin (CPRD Aurum),2020-11-02
1.15274E+15,CPRD_product_code,Rapitard Mc (Novo) Injection 100 units/ml,drug,857 - res166: Insulin (CPRD Aurum),2020-11-02
1.21864E+16,CPRD_product_code,Fiasp 100units/ml solution for injection 10ml vials (Novo Nordisk Ltd),drug,857 - res166: Insulin (CPRD Aurum),2020-11-02
1.21865E+16,CPRD_product_code,Fiasp FlexTouch 100units/ml solution for injection 3ml pre-filled pens (Novo Nordisk Ltd),drug,857 - res166: Insulin (CPRD Aurum),2020-11-02
1.21866E+16,CPRD_product_code,Fiasp Penfill 100units/ml solution for injection 3ml cartridges (Novo Nordisk Ltd),drug,857 - res166: Insulin (CPRD Aurum),2020-11-02
1.24816E+16,CPRD_product_code,Humulin R KwikPen 500units/ml solution for injection 3ml pre-filled pens (Imported (United States)),drug,857 - res166: Insulin (CPRD Aurum),2020-11-02
1.24862E+16,CPRD_product_code,Humalog Junior KwikPen 100units/ml solution for injection 3ml pre-filled pens (Eli Lilly and Company,drug,857 - res166: Insulin (CPRD Aurum),2020-11-02
1.26007E+16,CPRD_product_code,Insulin lispro Sanofi 100units/ml solution for injection 10ml vials (Sanofi),drug,857 - res166: Insulin (CPRD Aurum),2020-11-02
1.26008E+16,CPRD_product_code,Insulin lispro Sanofi 100units/ml solution for injection 3ml cartridges (Sanofi),drug,857 - res166: Insulin (CPRD Aurum),2020-11-02
1.26009E+16,CPRD_product_code,Insulin lispro Sanofi 100units/ml solution for injection 3ml pre-filled pens (Sanofi),drug,857 - res166: Insulin (CPRD Aurum),2020-11-02
1.26242E+16,CPRD_product_code,Insulin soluble porcine 100units/ml solution for injection 10ml vials,drug,857 - res166: Insulin (CPRD Aurum),2020-11-02
1.26866E+16,CPRD_product_code,Semglee 100units/ml solution for injection 3ml pre-filled pens (Mylan),drug,857 - res166: Insulin (CPRD Aurum),2020-11-02
1.27124E+15,CPRD_product_code,Semitard Mc (Novo) Injection 100 units/ml,drug,857 - res166: Insulin (CPRD Aurum),2020-11-02
1.41954E+15,CPRD_product_code,Tempulin (Boots) Injection 100 units/ml,drug,857 - res166: Insulin (CPRD Aurum),2020-11-02
1.48841E+14,CPRD_product_code,Biphasic Insulin Injection 100 units/ml,drug,857 - res166: Insulin (CPRD Aurum),2020-11-02
1.50744E+15,CPRD_product_code,Human Velosulin Injection 100 u/ml,drug,857 - res166: Insulin (CPRD Aurum),2020-11-02
1.50834E+15,CPRD_product_code,Pork Velosulin Injection 100 units/ml,drug,857 - res166: Insulin (CPRD Aurum),2020-11-02
1.50844E+15,CPRD_product_code,Velosulin Cartridge (Nordisk Wellcome) Injection 100 units/ml,drug,857 - res166: Insulin (CPRD Aurum),2020-11-02
1.61594E+15,CPRD_product_code,Humulin I 100units/ml suspension for injection 3ml cartridges (Eli Lilly and Company Ltd),drug,857 - res166: Insulin (CPRD Aurum),2020-11-02
1.61604E+15,CPRD_product_code,Humulin S 100units/ml solution for injection 3ml cartridges (Eli Lilly and Company Ltd),drug,857 - res166: Insulin (CPRD Aurum),2020-11-02
1.61614E+15,CPRD_product_code,Humulin M1 Cartridges (3 Ml),drug,857 - res166: Insulin (CPRD Aurum),2020-11-02
1.61624E+15,CPRD_product_code,Humulin M2 100units/ml suspension for injection 3ml cartridges (Eli Lilly and Company Ltd),drug,857 - res166: Insulin (CPRD Aurum),2020-11-02
1.61634E+15,CPRD_product_code,Humulin M3 100units/ml suspension for injection 3ml cartridges (Eli Lilly and Company Ltd),drug,857 - res166: Insulin (CPRD Aurum),2020-11-02
1.61644E+15,CPRD_product_code,Humulin M4 Cartridges (3 Ml),drug,857 - res166: Insulin (CPRD Aurum),2020-11-02
1.62064E+15,CPRD_product_code,Isophane Insulin (Human Pyr) Injection 100 units/ml; 10 ml vial,drug,857 - res166: Insulin (CPRD Aurum),2020-11-02
1.62114E+15,CPRD_product_code,Isophane Insulin (Human Pyr) Penfill Cartridges (1.5 Ml) 100 units/ml,drug,857 - res166: Insulin (CPRD Aurum),2020-11-02
1.62124E+15,CPRD_product_code,Isophane Insulin (Human Pyr) Penfill cartridges (3 ml) 100 units/ml,drug,857 - res166: Insulin (CPRD Aurum),2020-11-02
1.62134E+15,CPRD_product_code,Isophane Insulin (Human Pyr) Preloaded pen 100 units/ml,drug,857 - res166: Insulin (CPRD Aurum),2020-11-02
1.71404E+15,CPRD_product_code,Human Insulatard Penfill 100units/ml suspension for injection 1.5ml cartridges (Novo Nordisk Ltd),drug,857 - res166: Insulin (CPRD Aurum),2020-11-02
1.73684E+15,CPRD_product_code,Humalog 100units/ml solution for injection 3ml cartridges (Eli Lilly and Company Ltd),drug,857 - res166: Insulin (CPRD Aurum),2020-11-02
1.73694E+15,CPRD_product_code,Humalog Mix25 100units/ml suspension for injection 3ml cartridges (Eli Lilly and Company Ltd),drug,857 - res166: Insulin (CPRD Aurum),2020-11-02
1.73704E+15,CPRD_product_code,Humalog Mix25 Pen 100units/ml suspension for injection 3ml pre-filled pens (Waymade Healthcare Plc),drug,857 - res166: Insulin (CPRD Aurum),2020-11-02
1.73994E+15,CPRD_product_code,Insulin lispro 100units/ml solution for injection 3ml cartridges,drug,857 - res166: Insulin (CPRD Aurum),2020-11-02
1.74944E+15,CPRD_product_code,Pork Actrapid 100units/ml solution for injection 10ml vials (Novo Nordisk Ltd),drug,857 - res166: Insulin (CPRD Aurum),2020-11-02
1.81814E+15,CPRD_product_code,Human Mixtard 10 Penfill 100units/ml suspension for injection 1.5ml cartridges (Novo Nordisk Ltd),drug,857 - res166: Insulin (CPRD Aurum),2020-11-02
1.81824E+15,CPRD_product_code,Human Mixtard 20 Penfill 100units/ml suspension for injection 1.5ml cartridges (Novo Nordisk Ltd),drug,857 - res166: Insulin (CPRD Aurum),2020-11-02
1.81834E+15,CPRD_product_code,Human Mixtard 30 Penfill 100units/ml suspension for injection 1.5ml cartridges (Novo Nordisk Ltd),drug,857 - res166: Insulin (CPRD Aurum),2020-11-02
1.81844E+15,CPRD_product_code,Human Mixtard 40 Penfill 100units/ml suspension for injection 1.5ml cartridges (Novo Nordisk Ltd),drug,857 - res166: Insulin (CPRD Aurum),2020-11-02
1.81854E+15,CPRD_product_code,Human Mixtard 50 Penfill 100units/ml suspension for injection 1.5ml cartridges (Novo Nordisk Ltd),drug,857 - res166: Insulin (CPRD Aurum),2020-11-02
1.82144E+15,CPRD_product_code,Insulin isophane porcine 100units/ml suspension for injection 10ml vials,drug,857 - res166: Insulin (CPRD Aurum),2020-11-02
1.82154E+15,CPRD_product_code,Insulin isophane porcine 100units/ml suspension for injection 3ml cartridges,drug,857 - res166: Insulin (CPRD Aurum),2020-11-02
1.82164E+15,CPRD_product_code,Insulin isophane bovine 100units/ml suspension for injection 10ml vials,drug,857 - res166: Insulin (CPRD Aurum),2020-11-02
1.82174E+15,CPRD_product_code,Insulin isophane bovine 100units/ml suspension for injection 3ml cartridges,drug,857 - res166: Insulin (CPRD Aurum),2020-11-02
1.86194E+15,CPRD_product_code,Insulin aspart 100units/ml solution for injection 10ml vials,drug,857 - res166: Insulin (CPRD Aurum),2020-11-02
1.86204E+15,CPRD_product_code,Insulin aspart 100units/ml solution for injection 3ml cartridges,drug,857 - res166: Insulin (CPRD Aurum),2020-11-02
1.86224E+15,CPRD_product_code,NovoRapid 100units/ml solution for injection 10ml vials (Novo Nordisk Ltd),drug,857 - res166: Insulin (CPRD Aurum),2020-11-02
1.86234E+15,CPRD_product_code,NovoRapid Penfill 100units/ml solution for injection 3ml cartridges (Novo Nordisk Ltd),drug,857 - res166: Insulin (CPRD Aurum),2020-11-02
1.86244E+15,CPRD_product_code,NovoRapid Novolet 100units/ml solution for injection (Novo Nordisk Ltd),drug,857 - res166: Insulin (CPRD Aurum),2020-11-02
2.01884E+15,CPRD_product_code,Hypurin Porcine 30/70 Mix 100units/ml suspension for injection 10ml vials (Wockhardt UK Ltd),drug,857 - res166: Insulin (CPRD Aurum),2020-11-02
2.01894E+15,CPRD_product_code,Hypurin Porcine 30/70 Mix 100units/ml suspension for injection 1.5ml cartridges (C P Pharmaceuticals,drug,857 - res166: Insulin (CPRD Aurum),2020-11-02
2.03444E+15,CPRD_product_code,Insuman Rapid 100units/ml solution for injection 5ml vials (Aventis Pharma),drug,857 - res166: Insulin (CPRD Aurum),2020-11-02
2.03464E+15,CPRD_product_code,Insuman Rapid 100units/ml solution for injection 3ml cartridges (Sanofi),drug,857 - res166: Insulin (CPRD Aurum),2020-11-02
2.03524E+15,CPRD_product_code,Insuman Basal 100units/ml suspension for injection 5ml vials (Sanofi),drug,857 - res166: Insulin (CPRD Aurum),2020-11-02
2.03544E+15,CPRD_product_code,Insuman Basal 100units/ml suspension for injection 3ml cartridges (Sanofi),drug,857 - res166: Insulin (CPRD Aurum),2020-11-02
2.03554E+15,CPRD_product_code,Insuman Comb 25 100units/ml suspension for injection 5ml vials (Sanofi),drug,857 - res166: Insulin (CPRD Aurum),2020-11-02
2.03564E+15,CPRD_product_code,Insuman Comb 25 100units/ml suspension for injection 3ml cartridges (Sanofi),drug,857 - res166: Insulin (CPRD Aurum),2020-11-02
2.15844E+15,CPRD_product_code,Insuman Comb 15 100units/ml suspension for injection 5ml vials (Aventis Pharma),drug,857 - res166: Insulin (CPRD Aurum),2020-11-02
2.15854E+15,CPRD_product_code,Insuman Comb 15 100units/ml suspension for injection 3ml cartridges (Sanofi),drug,857 - res166: Insulin (CPRD Aurum),2020-11-02
2.15864E+15,CPRD_product_code,Insuman Comb 50 100units/ml suspension for injection 5ml vials (Aventis Pharma),drug,857 - res166: Insulin (CPRD Aurum),2020-11-02
2.15874E+15,CPRD_product_code,Insuman Comb 50 100units/ml suspension for injection 3ml cartridges (Sanofi),drug,857 - res166: Insulin (CPRD Aurum),2020-11-02
2.18214E+15,CPRD_product_code,Humalog Mix50 Pen 100units/ml suspension for injection 3ml pre-filled pens (Sigma Pharmaceuticals Pl,drug,857 - res166: Insulin (CPRD Aurum),2020-11-02
2.18224E+15,CPRD_product_code,Insulin lispro 100units/ml solution for injection 3ml pre-filled disposable devices,drug,857 - res166: Insulin (CPRD Aurum),2020-11-02
2.18234E+15,CPRD_product_code,Humalog Pen 100units/ml solution for injection 3ml pre-filled pens (Sigma Pharmaceuticals Plc),drug,857 - res166: Insulin (CPRD Aurum),2020-11-02
2.18244E+15,CPRD_product_code,Humulin I Pen 100units/ml suspension for injection 3ml pre-filled pens (Eli Lilly and Company Ltd),drug,857 - res166: Insulin (CPRD Aurum),2020-11-02
2.26684E+15,CPRD_product_code,Insuman Basal 100units/ml suspension for injection 3ml pre-filled OptiSet pens (Sanofi),drug,857 - res166: Insulin (CPRD Aurum),2020-11-02
2.26694E+15,CPRD_product_code,Insuman Rapid 100units/ml solution for injection 3ml pre-filled OptiSet pens (Sanofi),drug,857 - res166: Insulin (CPRD Aurum),2020-11-02
2.26704E+15,CPRD_product_code,Insuman Comb 15 100units/ml suspension for injection 3ml pre-filled OptiSet pens (Sanofi),drug,857 - res166: Insulin (CPRD Aurum),2020-11-02
2.26714E+15,CPRD_product_code,Insuman Comb 25 100units/ml suspension for injection 3ml pre-filled OptiSet pens (Sanofi),drug,857 - res166: Insulin (CPRD Aurum),2020-11-02
2.26724E+15,CPRD_product_code,Insuman Comb 50 100units/ml suspension for injection 3ml pre-filled OptiSet pens (Sanofi),drug,857 - res166: Insulin (CPRD Aurum),2020-11-02
2.64464E+15,CPRD_product_code,Insulatard InnoLet 100units/ml suspension for injection 3ml pre-filled pens (Novo Nordisk Ltd),drug,857 - res166: Insulin (CPRD Aurum),2020-11-02
2.64474E+15,CPRD_product_code,Mixtard 30 InnoLet 100units/ml suspension for injection 3ml pre-filled pens (Novo Nordisk Ltd),drug,857 - res166: Insulin (CPRD Aurum),2020-11-02
2.72474E+15,CPRD_product_code,NovoMix 30 Penfill 100units/ml suspension for injection 3ml cartridges (Novo Nordisk Ltd),drug,857 - res166: Insulin (CPRD Aurum),2020-11-02
2.72484E+15,CPRD_product_code,NovoMix 30 FlexPen 100units/ml suspension for injection 3ml pre-filled pens (Novo Nordisk Ltd),drug,857 - res166: Insulin (CPRD Aurum),2020-11-02
2.78074E+15,CPRD_product_code,Lantus 100units/ml solution for injection 10ml vials (Sanofi),drug,857 - res166: Insulin (CPRD Aurum),2020-11-02
2.78084E+15,CPRD_product_code,Lantus 100units/ml solution for injection 3ml cartridges (Sanofi),drug,857 - res166: Insulin (CPRD Aurum),2020-11-02
2.78094E+15,CPRD_product_code,Lantus 100units/ml solution for injection 3ml pre-filled OptiSet pens (Sanofi),drug,857 - res166: Insulin (CPRD Aurum),2020-11-02
2.79664E+15,CPRD_product_code,NovoRapid FlexPen 100units/ml solution for injection 3ml pre-filled pens (Novo Nordisk Ltd),drug,857 - res166: Insulin (CPRD Aurum),2020-11-02
2.79674E+15,CPRD_product_code,Insulatard FlexPen 100units/ml suspension for injection (Novo Nordisk Ltd),drug,857 - res166: Insulin (CPRD Aurum),2020-11-02
2.79884E+15,CPRD_product_code,Insulin glargine 100units/ml solution for injection 10ml vials,drug,857 - res166: Insulin (CPRD Aurum),2020-11-02
2.79894E+15,CPRD_product_code,Insulin glargine 100units/ml solution for injection 3ml cartridges,drug,857 - res166: Insulin (CPRD Aurum),2020-11-02
2.79904E+15,CPRD_product_code,Insulin glargine 100units/ml solution for injection 3ml pre-filled disposable devices,drug,857 - res166: Insulin (CPRD Aurum),2020-11-02
2.86764E+15,CPRD_product_code,Humulin R Injection 100 units/ml; 10 ml vial,drug,857 - res166: Insulin (CPRD Aurum),2020-11-02
2.86774E+15,CPRD_product_code,Humulin N Injection 100 units/ml; 10 ml vial,drug,857 - res166: Insulin (CPRD Aurum),2020-11-02
2.86784E+15,CPRD_product_code,Humulin L Injection 100 units/ml; 10 ml vial,drug,857 - res166: Insulin (CPRD Aurum),2020-11-02
2.86794E+15,CPRD_product_code,Humulin U Injection 100 units/ml; 10 ml vial,drug,857 - res166: Insulin (CPRD Aurum),2020-11-02
2.86804E+15,CPRD_product_code,Humulin 90/10 Injection 100 units/ml; 10 ml vial,drug,857 - res166: Insulin (CPRD Aurum),2020-11-02
2.86814E+15,CPRD_product_code,Humulin 80/20 Injection 100 units/ml; 10 ml vial,drug,857 - res166: Insulin (CPRD Aurum),2020-11-02
2.86824E+15,CPRD_product_code,Humulin 70/30 Injection 100 units/ml; 10 ml vial,drug,857 - res166: Insulin (CPRD Aurum),2020-11-02
2.86834E+15,CPRD_product_code,Humulin 60/40 Injection 100 units/ml; 10 ml vial,drug,857 - res166: Insulin (CPRD Aurum),2020-11-02
2.86844E+15,CPRD_product_code,Humulin 50/50 Injection 100 units/ml; 10 ml vial,drug,857 - res166: Insulin (CPRD Aurum),2020-11-02
2.91694E+15,CPRD_product_code,Hypurin Bovine Neutral 100units/ml solution for injection 3ml cartridges (Wockhardt UK Ltd),drug,857 - res166: Insulin (CPRD Aurum),2020-11-02
2.91704E+15,CPRD_product_code,Hypurin Bovine Isophane 100units/ml suspension for injection 3ml cartridges (Wockhardt UK Ltd),drug,857 - res166: Insulin (CPRD Aurum),2020-11-02
2.91714E+15,CPRD_product_code,Hypurin Porcine Neutral 100units/ml solution for injection 3ml cartridges (Wockhardt UK Ltd),drug,857 - res166: Insulin (CPRD Aurum),2020-11-02
2.91724E+15,CPRD_product_code,Hypurin Porcine Isophane 100units/ml suspension for injection 3ml cartridges (Wockhardt UK Ltd),drug,857 - res166: Insulin (CPRD Aurum),2020-11-02
2.91734E+15,CPRD_product_code,Hypurin Porcine 30/70 Mix 100units/ml suspension for injection 3ml cartridges (Wockhardt UK Ltd),drug,857 - res166: Insulin (CPRD Aurum),2020-11-02
2.95284E+15,CPRD_product_code,Actrapid 100units/ml solution for injection 10ml vials (Novo Nordisk Ltd),drug,857 - res166: Insulin (CPRD Aurum),2020-11-02
2.95294E+15,CPRD_product_code,Actrapid NovoLet 100units/ml solution for injection (Novo Nordisk Ltd),drug,857 - res166: Insulin (CPRD Aurum),2020-11-02
2.95304E+15,CPRD_product_code,Actrapid Penfill 100units/ml solution for injection 3ml cartridges (Novo Nordisk Ltd),drug,857 - res166: Insulin (CPRD Aurum),2020-11-02
2.95314E+15,CPRD_product_code,Insulatard NovoLet 100units/ml suspension for injection (Novo Nordisk Ltd),drug,857 - res166: Insulin (CPRD Aurum),2020-11-02
2.95324E+15,CPRD_product_code,Insulatard 100units/ml suspension for injection 10ml vials (Novo Nordisk Ltd),drug,857 - res166: Insulin (CPRD Aurum),2020-11-02
2.95334E+15,CPRD_product_code,Insulatard Penfill 100units/ml suspension for injection 3ml cartridges (Novo Nordisk Ltd),drug,857 - res166: Insulin (CPRD Aurum),2020-11-02
2.95344E+15,CPRD_product_code,Mixtard 10 NovoLet 100units/ml suspension for injection (Novo Nordisk Ltd),drug,857 - res166: Insulin (CPRD Aurum),2020-11-02
2.95354E+15,CPRD_product_code,Mixtard 10 Penfill 100units/ml suspension for injection 3ml cartridges (Novo Nordisk Ltd),drug,857 - res166: Insulin (CPRD Aurum),2020-11-02
2.95364E+15,CPRD_product_code,Mixtard 20 NovoLet 100units/ml suspension for injection (Novo Nordisk Ltd),drug,857 - res166: Insulin (CPRD Aurum),2020-11-02
2.95374E+15,CPRD_product_code,Mixtard 20 Penfill 100units/ml suspension for injection 3ml cartridges (Novo Nordisk Ltd),drug,857 - res166: Insulin (CPRD Aurum),2020-11-02
2.95384E+15,CPRD_product_code,Mixtard 30 NovoLet 100units/ml suspension for injection (Novo Nordisk Ltd),drug,857 - res166: Insulin (CPRD Aurum),2020-11-02
2.95394E+15,CPRD_product_code,Mixtard 30 100units/ml suspension for injection 10ml vials (Novo Nordisk Ltd),drug,857 - res166: Insulin (CPRD Aurum),2020-11-02
2.95404E+15,CPRD_product_code,Mixtard 30 Penfill 100units/ml suspension for injection 3ml cartridges (Novo Nordisk Ltd),drug,857 - res166: Insulin (CPRD Aurum),2020-11-02
2.95414E+15,CPRD_product_code,Mixtard 40 NovoLet 100units/ml suspension for injection (Novo Nordisk Ltd),drug,857 - res166: Insulin (CPRD Aurum),2020-11-02
2.95424E+15,CPRD_product_code,Mixtard 40 Penfill 100units/ml suspension for injection 3ml cartridges (Novo Nordisk Ltd),drug,857 - res166: Insulin (CPRD Aurum),2020-11-02
2.95434E+15,CPRD_product_code,Mixtard 50 NovoLet 100units/ml suspension for injection (Novo Nordisk Ltd),drug,857 - res166: Insulin (CPRD Aurum),2020-11-02
2.95444E+15,CPRD_product_code,Mixtard 50 Injection 100 units/ml; 10 ml vial,drug,857 - res166: Insulin (CPRD Aurum),2020-11-02
2.95454E+15,CPRD_product_code,Mixtard 50 Penfill 100units/ml suspension for injection 3ml cartridges (Novo Nordisk Ltd),drug,857 - res166: Insulin (CPRD Aurum),2020-11-02
2.95464E+15,CPRD_product_code,Velosulin 100units/ml solution for injection 10ml vials (Novo Nordisk Ltd),drug,857 - res166: Insulin (CPRD Aurum),2020-11-02
2.95474E+15,CPRD_product_code,Monotard 100units/ml suspension for injection 10ml vials (Novo Nordisk Ltd),drug,857 - res166: Insulin (CPRD Aurum),2020-11-02
2.95484E+15,CPRD_product_code,Ultratard 100units/ml suspension for injection 10ml vials (Novo Nordisk Ltd),drug,857 - res166: Insulin (CPRD Aurum),2020-11-02
3.13694E+15,CPRD_product_code,Insulin detemir 100units/ml solution for injection 3ml pre-filled disposable devices,drug,857 - res166: Insulin (CPRD Aurum),2020-11-02
3.13704E+15,CPRD_product_code,Insulin detemir 100units/ml solution for injection 3ml cartridges,drug,857 - res166: Insulin (CPRD Aurum),2020-11-02
3.13714E+15,CPRD_product_code,Levemir Penfill 100units/ml solution for injection 3ml cartridges (Novo Nordisk Ltd),drug,857 - res166: Insulin (CPRD Aurum),2020-11-02
3.13724E+15,CPRD_product_code,Levemir FlexPen 100units/ml solution for injection 3ml pre-filled pens (Novo Nordisk Ltd),drug,857 - res166: Insulin (CPRD Aurum),2020-11-02
3.27774E+15,CPRD_product_code,Insulin aspart 100units/ml solution for injection 3ml pre-filled disposable devices,drug,857 - res166: Insulin (CPRD Aurum),2020-11-02
3.33384E+15,CPRD_product_code,Humulin M3 Pen 100units/ml suspension for injection 3ml pre-filled pens (Eli Lilly and Company Ltd),drug,857 - res166: Insulin (CPRD Aurum),2020-11-02
3.34564E+15,CPRD_product_code,Insulin glulisine 100units/ml solution for injection 10ml vials,drug,857 - res166: Insulin (CPRD Aurum),2020-11-02
3.34574E+15,CPRD_product_code,Insulin glulisine 100units/ml solution for injection 3ml cartridges,drug,857 - res166: Insulin (CPRD Aurum),2020-11-02
3.34584E+15,CPRD_product_code,Apidra 100units/ml solution for injection 10ml vials (Sanofi),drug,857 - res166: Insulin (CPRD Aurum),2020-11-02
3.34594E+15,CPRD_product_code,Apidra 100units/ml solution for injection 3ml cartridges (Sanofi),drug,857 - res166: Insulin (CPRD Aurum),2020-11-02
3.86934E+15,CPRD_product_code,Lantus 100units/ml solution for injection 3ml OptiClik cartridges (Sanofi),drug,857 - res166: Insulin (CPRD Aurum),2020-11-02
3.91424E+15,CPRD_product_code,Insulin glulisine 100units/ml solution for injection 3ml pre-filled disposable devices,drug,857 - res166: Insulin (CPRD Aurum),2020-11-02
3.91434E+15,CPRD_product_code,Apidra Optiset Pre-filled Disposable Pen 100 units/ml; 3 ml pen,drug,857 - res166: Insulin (CPRD Aurum),2020-11-02
3.92264E+15,CPRD_product_code,Humalog Mix50 100units/ml suspension for injection 3ml cartridges (Eli Lilly and Company Ltd),drug,857 - res166: Insulin (CPRD Aurum),2020-11-02
3.96394E+15,CPRD_product_code,Apidra 100units/ml solution for injection 3ml OptiClik cartridges (Sanofi),drug,857 - res166: Insulin (CPRD Aurum),2020-11-02
4.12654E+15,CPRD_product_code,Levemir InnoLet 100units/ml solution for injection 3ml pre-filled pens (Novo Nordisk Ltd),drug,857 - res166: Insulin (CPRD Aurum),2020-11-02
4.25854E+15,CPRD_product_code,Lantus 100units/ml solution for injection 3ml pre-filled SoloStar pens (Sanofi),drug,857 - res166: Insulin (CPRD Aurum),2020-11-02
4.25864E+15,CPRD_product_code,Apidra 100units/ml solution for injection 3ml pre-filled SoloStar pens (Sanofi),drug,857 - res166: Insulin (CPRD Aurum),2020-11-02
4.27084E+15,CPRD_product_code,Human Actrapid Injection 500 units/ml; 10 ml vial,drug,857 - res166: Insulin (CPRD Aurum),2020-11-02
4.42304E+15,CPRD_product_code,Humulin R 500units/ml solution for injection 20ml vials (Imported (United States)),drug,857 - res166: Insulin (CPRD Aurum),2020-11-02
4.60854E+15,CPRD_product_code,Humalog KwikPen 100units/ml solution for injection 3ml pre-filled pens (Eli Lilly and Company Ltd),drug,857 - res166: Insulin (CPRD Aurum),2020-11-02
4.60864E+15,CPRD_product_code,Humalog Mix25 KwikPen 100units/ml suspension for injection 3ml pre-filled pens (Eli Lilly and Compan,drug,857 - res166: Insulin (CPRD Aurum),2020-11-02
4.60874E+15,CPRD_product_code,Humalog Mix50 KwikPen 100units/ml suspension for injection 3ml pre-filled pens (Eli Lilly and Compan,drug,857 - res166: Insulin (CPRD Aurum),2020-11-02
5.40354E+15,CPRD_product_code,Humalog Mix25 100units/ml suspension for injection 10ml vials (Eli Lilly and Company Ltd),drug,857 - res166: Insulin (CPRD Aurum),2020-11-02
5.91074E+15,CPRD_product_code,Humulin M3 KwikPen 100units/ml suspension for injection 3ml pre-filled pens (Eli Lilly and Company L,drug,857 - res166: Insulin (CPRD Aurum),2020-11-02
5.91154E+15,CPRD_product_code,Humulin I KwikPen 100units/ml suspension for injection 3ml pre-filled pens (Eli Lilly and Company Lt,drug,857 - res166: Insulin (CPRD Aurum),2020-11-02
6.01184E+15,CPRD_product_code,Insuman Comb 25 100units/ml suspension for injection 3ml pre-filled SoloStar pens (Sanofi),drug,857 - res166: Insulin (CPRD Aurum),2020-11-02
6.38964E+15,CPRD_product_code,Insuman Basal 100units/ml suspension for injection 3ml pre-filled SoloStar pens (Sanofi),drug,857 - res166: Insulin (CPRD Aurum),2020-11-02
6.45644E+15,CPRD_product_code,NovoRapid FlexTouch 100units/ml solution for injection 3ml pre-filled pens (Novo Nordisk Ltd),drug,857 - res166: Insulin (CPRD Aurum),2020-11-02
7.19841E+14,CPRD_product_code,Humulin I Cartridges (1.5 Ml) 100 units/ml,drug,857 - res166: Insulin (CPRD Aurum),2020-11-02
7.19941E+14,CPRD_product_code,Humulin M1 Cartridges (1.5 Ml),drug,857 - res166: Insulin (CPRD Aurum),2020-11-02
7.20041E+14,CPRD_product_code,Humulin M2 Cartridges (1.5 Ml),drug,857 - res166: Insulin (CPRD Aurum),2020-11-02
7.20141E+14,CPRD_product_code,Humulin M3 (Lilly) Cartridges (1.5 Ml),drug,857 - res166: Insulin (CPRD Aurum),2020-11-02
7.20241E+14,CPRD_product_code,Humulin M4 Cartridges (1.5 Ml),drug,857 - res166: Insulin (CPRD Aurum),2020-11-02
7.20341E+14,CPRD_product_code,Humulin S Cartridges (1.5 Ml) 100 units/ml,drug,857 - res166: Insulin (CPRD Aurum),2020-11-02
7.20441E+14,CPRD_product_code,Humulin M5 Cartridges (1.5 Ml),drug,857 - res166: Insulin (CPRD Aurum),2020-11-02
7.20541E+14,CPRD_product_code,Humalog 100units/ml solution for injection 1.5ml cartridges (Eli Lilly and Company Ltd),drug,857 - res166: Insulin (CPRD Aurum),2020-11-02
7.20941E+14,CPRD_product_code,Human Actrapid Penfill Cartridges (3 Ml) 100 units/ml,drug,857 - res166: Insulin (CPRD Aurum),2020-11-02
7.21041E+14,CPRD_product_code,Human Actrapid Penfill 100units/ml solution for injection 1.5ml cartridges (Novo Nordisk Ltd),drug,857 - res166: Insulin (CPRD Aurum),2020-11-02
7.21141E+14,CPRD_product_code,Humulin M5 50/50 Cartridges,drug,857 - res166: Insulin (CPRD Aurum),2020-11-02
7.21341E+14,CPRD_product_code,Human Protaphane Penfill Injection 100 units/ml,drug,857 - res166: Insulin (CPRD Aurum),2020-11-02
7.21541E+14,CPRD_product_code,Humulin M3 (Lilly) Injection 100 units/ml; 10 ml vial,drug,857 - res166: Insulin (CPRD Aurum),2020-11-02
7.21641E+14,CPRD_product_code,Human Insulatard Ge Injection 100 units/ml,drug,857 - res166: Insulin (CPRD Aurum),2020-11-02
7.22841E+14,CPRD_product_code,Humulin M5 100units/ml suspension for injection 10ml vials (Eli Lilly and Company Ltd),drug,857 - res166: Insulin (CPRD Aurum),2020-11-02
7.22941E+14,CPRD_product_code,Human Mixtard 30 Ge Injection,drug,857 - res166: Insulin (CPRD Aurum),2020-11-02
7.23241E+14,CPRD_product_code,Humalog 100units/ml solution for injection 10ml vials (Eli Lilly and Company Ltd),drug,857 - res166: Insulin (CPRD Aurum),2020-11-02
7.23941E+14,CPRD_product_code,Human Monotard (Novo) Injection 100 units/ml,drug,857 - res166: Insulin (CPRD Aurum),2020-11-02
7.24041E+14,CPRD_product_code,Humulin I 100units/ml suspension for injection 10ml vials (Eli Lilly and Company Ltd),drug,857 - res166: Insulin (CPRD Aurum),2020-11-02
7.24141E+14,CPRD_product_code,Humulin M1 Injection,drug,857 - res166: Insulin (CPRD Aurum),2020-11-02
7.24241E+14,CPRD_product_code,Humulin M2 Injection,drug,857 - res166: Insulin (CPRD Aurum),2020-11-02
7.24341E+14,CPRD_product_code,Humulin S 100units/ml solution for injection 10ml vials (Eli Lilly and Company Ltd),drug,857 - res166: Insulin (CPRD Aurum),2020-11-02
7.24541E+14,CPRD_product_code,Humulin Zn 100units/ml suspension for injection 10ml vials (Eli Lilly and Company Ltd),drug,857 - res166: Insulin (CPRD Aurum),2020-11-02
7.24941E+14,CPRD_product_code,Human Ultratard Injection 100 units/ml,drug,857 - res166: Insulin (CPRD Aurum),2020-11-02
7.25041E+14,CPRD_product_code,Human Actraphane(Nova) Injection,drug,857 - res166: Insulin (CPRD Aurum),2020-11-02
7.25141E+14,CPRD_product_code,Human Initard 50/50 Insulin Injection 100 units/ml,drug,857 - res166: Insulin (CPRD Aurum),2020-11-02
7.25241E+14,CPRD_product_code,Humulin M4 Injection,drug,857 - res166: Insulin (CPRD Aurum),2020-11-02
7.25341E+14,CPRD_product_code,Humulin M3 100units/ml suspension for injection 10ml vials (Eli Lilly and Company Ltd),drug,857 - res166: Insulin (CPRD Aurum),2020-11-02
7.25541E+14,CPRD_product_code,Human Velosulin Injection 100 u/ml,drug,857 - res166: Insulin (CPRD Aurum),2020-11-02
7.25641E+14,CPRD_product_code,Human Protaphane Injection 100u/ml,drug,857 - res166: Insulin (CPRD Aurum),2020-11-02
7.25841E+14,CPRD_product_code,Humulin Lente 100units/ml suspension for injection 10ml vials (Eli Lilly and Company Ltd),drug,857 - res166: Insulin (CPRD Aurum),2020-11-02
7.25941E+14,CPRD_product_code,Human Actrapid Injection 100 units/ml,drug,857 - res166: Insulin (CPRD Aurum),2020-11-02
7.26041E+14,CPRD_product_code,Human Mixtard 30 Injection 10 ml vial,drug,857 - res166: Insulin (CPRD Aurum),2020-11-02
7.26141E+14,CPRD_product_code,Human Mixtard 10 Penfill cartridges (3 ml),drug,857 - res166: Insulin (CPRD Aurum),2020-11-02
7.26241E+14,CPRD_product_code,Human Mixtard 20 Penfill cartridges (3 ml),drug,857 - res166: Insulin (CPRD Aurum),2020-11-02
7.26341E+14,CPRD_product_code,Human Mixtard 30 Penfill cartridges (3 ml),drug,857 - res166: Insulin (CPRD Aurum),2020-11-02
7.26441E+14,CPRD_product_code,Human Mixtard 40 Penfill cartridges (3 ml),drug,857 - res166: Insulin (CPRD Aurum),2020-11-02
7.26541E+14,CPRD_product_code,Human Mixtard 50 Penfill cartridges (3 ml),drug,857 - res166: Insulin (CPRD Aurum),2020-11-02
7.26641E+14,CPRD_product_code,Human Insulatard Ge Penfill cartridges (3 ml) 100 units/ml,drug,857 - res166: Insulin (CPRD Aurum),2020-11-02
7.26941E+14,CPRD_product_code,Human Insulatard Ge Preloaded pen 100 units/ml,drug,857 - res166: Insulin (CPRD Aurum),2020-11-02
7.27041E+14,CPRD_product_code,HumaJect S Pen 100units/ml solution for injection (Eli Lilly and Company Ltd),drug,857 - res166: Insulin (CPRD Aurum),2020-11-02
7.27141E+14,CPRD_product_code,Humaject (Humulin M1) Preloaded pen,drug,857 - res166: Insulin (CPRD Aurum),2020-11-02
7.27241E+14,CPRD_product_code,Humaject (Humulin M2) Preloaded pen,drug,857 - res166: Insulin (CPRD Aurum),2020-11-02
7.27341E+14,CPRD_product_code,HumaJect M3 Pen 100units/ml suspension for injection (Eli Lilly and Company Ltd),drug,857 - res166: Insulin (CPRD Aurum),2020-11-02
7.27441E+14,CPRD_product_code,Humaject (Humulin M4) Preloaded pen,drug,857 - res166: Insulin (CPRD Aurum),2020-11-02
7.27541E+14,CPRD_product_code,Humaject (Humulin M5) Preloaded pen,drug,857 - res166: Insulin (CPRD Aurum),2020-11-02
7.27641E+14,CPRD_product_code,Humaject (Humulin I) Preloaded pen 100 units/ml,drug,857 - res166: Insulin (CPRD Aurum),2020-11-02
7.341E+12,CPRD_product_code,Actrapid Mc Injection 100 units/1 ml,drug,857 - res166: Insulin (CPRD Aurum),2020-11-02
7.34741E+14,CPRD_product_code,Hypurin Porcine Biphasic Isophane Injection,drug,857 - res166: Insulin (CPRD Aurum),2020-11-02
7.34841E+14,CPRD_product_code,Hypurin Porcine Biphasic Isophane Injection (cartridges),drug,857 - res166: Insulin (CPRD Aurum),2020-11-02
7.34941E+14,CPRD_product_code,Hypurin Porcine Isophane 100units/ml suspension for injection 10ml vials (Wockhardt UK Ltd),drug,857 - res166: Insulin (CPRD Aurum),2020-11-02
7.35041E+14,CPRD_product_code,Hypurin Porcine Isophane Injection (cartridges) 100 units/ml,drug,857 - res166: Insulin (CPRD Aurum),2020-11-02
7.35141E+14,CPRD_product_code,Hypurin Bovine Isophane Injection (cartridges) 100 units/ml,drug,857 - res166: Insulin (CPRD Aurum),2020-11-02
7.35241E+14,CPRD_product_code,Hypurin Bovine Lente Injection (cartridges) 100 i.u./ml,drug,857 - res166: Insulin (CPRD Aurum),2020-11-02
7.35341E+14,CPRD_product_code,Hypurin Bovine Neutral Injection (cartridges) 100 units/ml,drug,857 - res166: Insulin (CPRD Aurum),2020-11-02
7.35441E+14,CPRD_product_code,Hypurin Porcine Neutral 100units/ml solution for injection 10ml vials (Wockhardt UK Ltd),drug,857 - res166: Insulin (CPRD Aurum),2020-11-02
7.35541E+14,CPRD_product_code,Hypurin Porcine Neutral Injection (cartridges) 100 units/ml,drug,857 - res166: Insulin (CPRD Aurum),2020-11-02
7.35841E+14,CPRD_product_code,Hypurin Bovine Isophane 100units/ml suspension for injection 10ml vials (Wockhardt UK Ltd),drug,857 - res166: Insulin (CPRD Aurum),2020-11-02
7.35941E+14,CPRD_product_code,Hypurin Bovine Lente 100units/ml suspension for injection 10ml vials (Wockhardt UK Ltd),drug,857 - res166: Insulin (CPRD Aurum),2020-11-02
7.36041E+14,CPRD_product_code,Hypurin Bovine Neutral 100units/ml solution for injection 10ml vials (Wockhardt UK Ltd),drug,857 - res166: Insulin (CPRD Aurum),2020-11-02
7.36141E+14,CPRD_product_code,Hypurin Bovine Protamine Zinc 100units/ml suspension for injection 10ml vials (Wockhardt UK Ltd),drug,857 - res166: Insulin (CPRD Aurum),2020-11-02
7.57641E+14,CPRD_product_code,Insulin lispro 100units/ml solution for injection 1.5ml cartridges,drug,857 - res166: Insulin (CPRD Aurum),2020-11-02
7.59841E+14,CPRD_product_code,Insulin Zinc Suspension (Human) Injection 100 units/ml; 10 ml vial,drug,857 - res166: Insulin (CPRD Aurum),2020-11-02
7.62441E+14,CPRD_product_code,Insulin lispro 100units/ml solution for injection 10ml vials,drug,857 - res166: Insulin (CPRD Aurum),2020-11-02
7.63241E+14,CPRD_product_code,Initard 50/50 (Nordisk Wellcome) Injection,drug,857 - res166: Insulin (CPRD Aurum),2020-11-02
7.63341E+14,CPRD_product_code,Pork Insulatard 100units/ml suspension for injection 10ml vials (Novo Nordisk Ltd),drug,857 - res166: Insulin (CPRD Aurum),2020-11-02
7.63941E+14,CPRD_product_code,Insulin Zinc Suspension Injection 100 units/ml,drug,857 - res166: Insulin (CPRD Aurum),2020-11-02
7.64941E+14,CPRD_product_code,Insulin Zinc Suspension Lente (Evans) Injection 100u/ml,drug,857 - res166: Insulin (CPRD Aurum),2020-11-02
7.76041E+14,CPRD_product_code,Isophane Insulin (Human; Prb) Cartridges 100 units/ml,drug,857 - res166: Insulin (CPRD Aurum),2020-11-02
7.79141E+14,CPRD_product_code,Insulin isophane human 100units/ml suspension for injection 10ml vials,drug,857 - res166: Insulin (CPRD Aurum),2020-11-02
7.79641E+14,CPRD_product_code,Isophane Insulin Injection (Evans) Injection 100 units/ml,drug,857 - res166: Insulin (CPRD Aurum),2020-11-02
7.79841E+14,CPRD_product_code,Isophane Insulin Injection 100 units/ml,drug,857 - res166: Insulin (CPRD Aurum),2020-11-02
8.23541E+14,CPRD_product_code,Lentard Mc Injection 100 units/ml; 10 ml vial,drug,857 - res166: Insulin (CPRD Aurum),2020-11-02
8.26394E+15,CPRD_product_code,Insulin degludec 100units/ml solution for injection 3ml pre-filled disposable devices,drug,857 - res166: Insulin (CPRD Aurum),2020-11-02
8.26404E+15,CPRD_product_code,Insulin degludec 200units/ml solution for injection 3ml pre-filled disposable devices,drug,857 - res166: Insulin (CPRD Aurum),2020-11-02
8.26414E+15,CPRD_product_code,Tresiba FlexTouch 100units/ml solution for injection 3ml pre-filled pens (Novo Nordisk Ltd),drug,857 - res166: Insulin (CPRD Aurum),2020-11-02
8.26424E+15,CPRD_product_code,Tresiba FlexTouch 200units/ml solution for injection 3ml pre-filled pens (Novo Nordisk Ltd),drug,857 - res166: Insulin (CPRD Aurum),2020-11-02
8.26434E+15,CPRD_product_code,Insulin degludec 100units/ml solution for injection 3ml cartridges,drug,857 - res166: Insulin (CPRD Aurum),2020-11-02
8.26444E+15,CPRD_product_code,Tresiba Penfill 100units/ml solution for injection 3ml cartridges (Novo Nordisk Ltd),drug,857 - res166: Insulin (CPRD Aurum),2020-11-02
9.15641E+14,CPRD_product_code,Pork Mixtard 30 100units/ml suspension for injection 10ml vials (Novo Nordisk Ltd),drug,857 - res166: Insulin (CPRD Aurum),2020-11-02
9.26541E+14,CPRD_product_code,Monotard Mc Insulin Zinc Susp Bp Nova Injection 100 units/1 ml,drug,857 - res166: Insulin (CPRD Aurum),2020-11-02
9.61041E+14,CPRD_product_code,Neutral Insulin Injection 100 units/ml,drug,857 - res166: Insulin (CPRD Aurum),2020-11-02
9.61141E+14,CPRD_product_code,Neutral Insulin (Human) Injection 100 units/ml,drug,857 - res166: Insulin (CPRD Aurum),2020-11-02
9.62241E+14,CPRD_product_code,Neutral Insulin (Evans) Injection 100 units/ml,drug,857 - res166: Insulin (CPRD Aurum),2020-11-02
9.641E+12,CPRD_product_code,Human Actrapid Preloaded pen 100 units/ml,drug,857 - res166: Insulin (CPRD Aurum),2020-11-02
9.67704E+15,CPRD_product_code,Insulin aspart 100units/ml solution for injection 1.6ml cartridges,drug,857 - res166: Insulin (CPRD Aurum),2020-11-02
9.67714E+15,CPRD_product_code,NovoRapid PumpCart 100units/ml solution for injection 1.6ml cartridges (Novo Nordisk Ltd),drug,857 - res166: Insulin (CPRD Aurum),2020-11-02
